path,family,class,total_steps,fwd_steps,time_ratio,transient_peak,log2_T,k_space,k_time,n_uncalls,call_depth_max
avl/avl_insert.j,avl,A1,691,691,1.0,4,9.433,0.424,0.0,0,7
bfs/bfs.j,bfs,A1,206,206,1.0,2,7.687,0.26,0.0,0,1
bsort/code/bsort1.j,bsort,A1,91,91,1.0,2,6.508,0.307,0.0,0,1
bsort/code/bsort1_online.j,bsort,A1,118,118,1.0,3,6.883,0.436,0.0,0,1
bsort/code/bsort4.j,bsort,A1,71,71,1.0,2,6.15,0.325,0.0,0,1
bsort/code/bsort5.j,bsort,A1,68,68,1.0,2,6.087,0.329,0.0,0,1
bsort/code/bsort_dijkstra79_A2.j,bsort,A1,62,62,1.0,3,5.954,0.504,0.0,0,1
bsort/examples/bsort_inversiontable.j,bsort,A1,65,65,1.0,3,6.022,0.498,0.0,0,1
bsort/examples/bsort_inversiontable_r2l.j,bsort,A1,156,156,1.0,3,7.285,0.412,0.0,0,1
csort/csort1.j,csort,A1,67,67,1.0,1,6.066,0.165,0.0,0,1
depth_search/dsearch_matrix.j,depth_search,A1,136,136,1.0,3,7.087,0.423,0.0,0,4
dynarray/dynarray.j,dynarray,A1,62,62,1.0,1,5.954,0.168,0.0,0,1
hsort/hsort2.j,hsort,A1,396,396,1.0,10,8.629,1.159,0.0,0,6
inc_code/inc_decfac.j,inc_code,A1,31,31,1.0,2,4.954,0.404,0.0,0,1
inc_code/inc_perm.j,inc_code,A1,42,42,1.0,3,5.392,0.556,0.0,0,2
isort/code/isort1_old.j,isort,A1,47,47,1.0,2,5.555,0.36,0.0,0,1
isort/code/isort2.j,isort,A1,82,82,1.0,2,6.358,0.315,0.0,0,1
isort/code/isort3.j,isort,A1,43,43,1.0,2,5.426,0.369,0.0,0,1
isort/code/isort4_old.j,isort,A1,78,78,1.0,2,6.285,0.318,0.0,0,1
isort/code/isort_dijkstra79_A1.j,isort,A1,49,49,1.0,3,5.615,0.534,0.0,0,1
isort/isort5.j,isort,A1,75,75,1.0,4,6.229,0.642,0.0,0,1
isort/isort7.j,isort,A1,127,127,1.0,4,6.989,0.572,0.0,0,1
isort/isort8.j,isort,A1,53,53,1.0,3,5.728,0.524,0.0,0,1
isort/isort_hall.j,isort,A1,86,86,1.0,4,6.426,0.622,0.0,0,1
linear_search/Lsearch3.j,linear_search,A1,25,25,1.0,1,4.644,0.215,0.0,0,1
msort/code/msort.j,msort,A1,335,335,1.0,10,8.388,1.192,0.0,0,5
msort/msort2.j,msort,A1,505,505,1.0,10,8.98,1.114,0.0,0,4
numeric/ext_gcd.j,numeric,A1,46,46,1.0,2,5.524,0.362,0.0,0,1
numeric/gcd.j,numeric,A1,16,16,1.0,0,4.0,0.0,0.0,0,1
numeric/modexp.j,numeric,A1,67,67,1.0,3,6.066,0.495,0.0,0,1
others/code/factorial.j,others,A1,20,20,1.0,2,4.322,0.463,0.0,0,1
others/examples/buildTree.j,others,A1,87,87,1.0,3,6.443,0.466,0.0,0,1
others/examples/combination.j,others,A1,21,21,1.0,2,4.392,0.455,0.0,0,1
others/examples/counting_sort.j,others,A1,67,67,1.0,1,6.066,0.165,0.0,0,1
others/examples/factorization.j,others,A1,231,231,1.0,3,7.852,0.382,0.0,0,2
others/examples/genParentheses.j,others,A1,202,202,1.0,7,7.658,0.914,0.0,0,7
others/examples/genSuc.j,others,A1,64,64,1.0,3,6.0,0.5,0.0,0,1
others/stackPermut.j,others,A1,752,752,1.0,6,9.555,0.628,0.0,0,9
perm/code/perm2decfac_nolex.j,perm,A1,105,105,1.0,3,6.714,0.447,0.0,0,2
perm/code/perm2rank.j,perm,A1,28,28,1.0,3,4.807,0.624,0.0,0,5
perm/code/perm2rank2.j,perm,A1,102,102,1.0,5,6.672,0.749,0.0,0,5
perm/perm.j,perm,A1,18,18,1.0,2,4.17,0.48,0.0,0,1
perm/perm2.j,perm,A1,15,15,1.0,2,3.907,0.512,0.0,0,1
perm/perm2invtab1.j,perm,A1,10,10,1.0,0,3.322,0.0,0.0,0,0
scc/kosaraju.j,scc,A1,311,311,1.0,4,8.281,0.483,0.0,0,6
string_search/Force_str_search1-a.j,string_search,A1,43,43,1.0,1,5.426,0.184,0.0,0,1
string_search/Force_str_search1-b.j,string_search,A1,40,40,1.0,0,5.322,0.0,0.0,0,1
string_search/Force_str_search1-c.j,string_search,A1,40,40,1.0,2,5.322,0.376,0.0,0,1
string_search/Force_str_search2-a.j,string_search,A1,35,35,1.0,1,5.129,0.195,0.0,0,1
string_search/Force_str_search2-b.j,string_search,A1,31,31,1.0,0,4.954,0.0,0.0,0,1
string_search/Force_str_search2-c.j,string_search,A1,38,38,1.0,1,5.248,0.191,0.0,0,1
string_search/kmp2.j,string_search,A1,168,168,1.0,2,7.392,0.271,0.0,0,2
toposort/toposort.j,toposort,A1,160,160,1.0,4,7.322,0.546,0.0,0,5
treesort/treesort.j,treesort,A1,423,423,1.0,3,8.725,0.344,0.0,0,7
bellman_ford/bellman_ford.j,bellman_ford,A2,327,327,1.0,4,8.353,0.479,0.0,0,1
dp/edit_distance.j,dp,A2,285,285,1.0,2,8.155,0.245,0.0,0,1
dp/knapsack.j,dp,A2,83,83,1.0,2,6.375,0.314,0.0,0,1
dp/lcs.j,dp,A2,168,168,1.0,2,7.392,0.271,0.0,0,1
floyd_warshall/floyd_warshall.j,floyd_warshall,A2,412,412,1.0,5,8.687,0.576,0.0,0,1
avl/avl_delete.j,avl,B,810,805,1.0062,4,9.662,0.414,0.009,1,7
avl/avl_search.j,avl,B,61,44,1.3864,3,5.931,0.506,0.471,2,2
dijkstra/dijkstra.j,dijkstra,B,451,327,1.3792,7,8.817,0.794,0.464,5,3
linear_search/list_sentinel4.j,linear_search,B,60,45,1.3333,4,5.907,0.677,0.415,1,1
minheap/minheap_GPC2018.j,minheap,B,40,37,1.0811,3,5.322,0.564,0.112,3,2
minheap/minheap_Nohr2015.j,minheap,B,472,437,1.0801,3,8.883,0.338,0.111,35,5
minheap/minheap_subset.j,minheap,B,469,434,1.0806,3,8.873,0.338,0.112,35,5
mst/prim.j,mst,B,462,340,1.3588,7,8.852,0.791,0.442,5,3
others/code/lisort.j,others,B,114,79,1.443,4,6.833,0.585,0.529,5,2
others/examples/binarytree2e.j,others,B,379,283,1.3392,3,8.566,0.35,0.421,24,4
others/examples/invtab2rank.j,others,B,90,60,1.5,4,6.492,0.616,0.585,1,2
qsort/code/qsort2.j,qsort,B,362,283,1.2792,8,8.5,0.941,0.355,5,5
qsort/qsort2.j,qsort,B,515,406,1.2685,7,9.008,0.777,0.343,5,5
rank/rank_perm.j,rank,B,262,205,1.278,8,8.033,0.996,0.354,7,5
ssort/code/ssort.j,ssort,B,243,155,1.5677,6,7.925,0.757,0.649,6,4
ssort/ssort1.j,ssort,B,259,171,1.5146,6,8.017,0.748,0.599,6,4
apsp/apsp.j,apsp,C,1926,1117,1.7243,10,10.911,0.916,0.786,32,4
bsort/bsort2.j,bsort,C,247,131,1.8855,5,7.948,0.629,0.915,1,1
bsort/code/bsort2.j,bsort,C,199,109,1.8257,4,7.637,0.524,0.868,1,2
bsort/code/bsort3.j,bsort,C,199,109,1.8257,4,7.637,0.524,0.868,1,2
dp/lis.j,dp,C,474,274,1.7299,5,8.889,0.563,0.791,9,2
geometry/closest_pair.j,geometry,C,155,87,1.7816,6,7.276,0.825,0.833,1,2
geometry/convex_hull.j,geometry,C,359,213,1.6854,7,8.488,0.825,0.753,5,3
hsort/code/hsort1.j,hsort,C,670,355,1.8873,11,9.388,1.172,0.916,37,7
hsort/code/hsort2.j,hsort,C,494,267,1.8502,10,8.948,1.118,0.888,35,7
hsort/hsort3.j,hsort,C,791,416,1.9014,10,9.628,1.039,0.927,48,7
isort/code/isort2_old.j,isort,C,111,65,1.7077,3,6.794,0.442,0.772,1,2
isort/code/isort3_old.j,isort,C,111,65,1.7077,3,6.794,0.442,0.772,1,2
isort/disort.j,isort,C,238,139,1.7122,3,7.895,0.38,0.776,6,2
isort/isort10.j,isort,C,401,208,1.9279,5,8.647,0.578,0.947,4,2
isort/isort6.j,isort,C,149,82,1.8171,5,7.219,0.693,0.862,1,1
isort/isort9.j,isort,C,204,106,1.9245,4,7.672,0.521,0.945,1,1
linear_search/Lsearch1.j,linear_search,C,138,73,1.8904,2,7.109,0.281,0.919,1,2
linear_search/Lsearch2.j,linear_search,C,137,72,1.9028,2,7.098,0.282,0.928,1,1
linear_search/Lsearch4.j,linear_search,C,179,104,1.7212,4,7.484,0.534,0.783,1,2
linear_search/Lsearch5.j,linear_search,C,181,105,1.7238,4,7.5,0.533,0.786,1,2
linear_search/Lsearch6.j,linear_search,C,264,146,1.8082,4,8.044,0.497,0.855,1,1
linear_search/Lsearch7.j,linear_search,C,181,104,1.7404,3,7.5,0.4,0.799,1,1
linear_search/list_sentinel1.j,linear_search,C,88,48,1.8333,3,6.459,0.464,0.874,1,2
linear_search/list_sentinel2.j,linear_search,C,57,32,1.7812,4,5.833,0.686,0.833,1,1
linear_search/list_sentinel3.j,linear_search,C,137,84,1.631,4,7.098,0.564,0.706,1,2
linear_search/list_sentinel5.j,linear_search,C,135,82,1.6463,3,7.077,0.424,0.719,1,1
linear_search/sentinel1.j,linear_search,C,56,32,1.75,4,5.807,0.689,0.807,1,2
linear_search/sentinel2.j,linear_search,C,91,49,1.8571,3,6.508,0.461,0.893,1,1
linear_search/sentinel3.j,linear_search,C,143,86,1.6628,4,7.16,0.559,0.734,1,2
linear_search/sentinel4.j,linear_search,C,214,121,1.7686,4,7.741,0.517,0.823,1,1
linear_search/sentinel5.j,linear_search,C,222,125,1.776,3,7.794,0.385,0.829,1,1
msort/msort1.j,msort,C,773,396,1.952,9,9.594,0.938,0.965,22,4
others/examples/linkedlist5e.j,others,C,307,186,1.6505,2,8.262,0.242,0.723,27,3
others/examples/shell_sort1.j,others,C,319,171,1.8655,5,8.317,0.601,0.9,1,1
qsort/code/qsort.j,qsort,C,387,204,1.8971,9,8.596,1.047,0.924,10,5
qsort/code/qsort1.j,qsort,C,388,205,1.8927,9,8.6,1.047,0.92,10,5
qsort/queue5e.j,qsort,C,381,207,1.8406,7,8.574,0.816,0.88,24,3
isort/code/isort1.j,isort,D,278,72,3.8611,6,8.119,0.739,1.949,12,3
others/examples/breadth_first_search.j,others,D,1279,570,2.2439,10,10.321,0.969,1.166,81,5
others/examples/fact.j,others,D,283,39,7.2564,4,8.145,0.491,2.859,31,6
perm/code/perm2decfac.j,perm,D,723,244,2.9631,11,9.498,1.158,1.567,23,3
rank/rank.j,rank,D,2171,787,2.7586,9,11.084,0.812,1.464,124,3
others/code/decfac2rank.j,others,E,36,2,18.0,4,5.17,0.774,4.17,1,2
rank/rank_lexicographic.j,rank,E,722,10,72.2,11,9.496,1.158,6.174,24,3
ssort/code/ssort1.j,ssort,E,279,17,16.4118,7,8.124,0.862,4.037,7,4
