program,size_param,size_value,status,error,total_steps,fwd_steps,uncall_steps,time_ratio,max_live_vars,max_live_bits,live_init,live_final,transient_peak,log2_T,k_space,k_time,call_depth_max,local_var_max,n_calls,n_uncalls,peak_step,peak_fraction,wall_seconds
numeric/gcd.j,fib_index_k,6,ok,,24,24,0,1.0,3,8,0,3,0,4.585,0.0,0.0,1,1,1,0,4,0.1667,0.004
numeric/gcd.j,fib_index_k,9,ok,,36,36,0,1.0,3,12,0,3,0,5.17,0.0,0.0,1,1,1,0,4,0.1111,0.002
numeric/gcd.j,fib_index_k,12,ok,,48,48,0,1.0,3,16,0,3,0,5.585,0.0,0.0,1,1,1,0,4,0.0833,0.002
numeric/gcd.j,fib_index_k,15,ok,,60,60,0,1.0,3,20,0,3,0,5.907,0.0,0.0,1,1,1,0,4,0.0667,0.002
numeric/gcd.j,fib_index_k,18,ok,,72,72,0,1.0,3,25,0,3,0,6.17,0.0,0.0,1,1,1,0,4,0.0556,0.003
numeric/gcd.j,fib_index_k,21,ok,,84,84,0,1.0,3,29,0,3,0,6.392,0.0,0.0,1,1,1,0,4,0.0476,0.003
others/code/factorial.j,n,5,ok,,20,20,0,1.0,4,18,0,2,2,4.322,0.463,0.0,1,2,1,0,4,0.2,0.001
others/code/factorial.j,n,10,ok,,35,35,0,1.0,4,49,0,2,2,5.129,0.39,0.0,1,2,1,0,4,0.1143,0.002
others/code/factorial.j,n,20,ok,,65,65,0,1.0,4,129,0,2,2,6.022,0.332,0.0,1,2,1,0,4,0.0615,0.003
others/code/factorial.j,n,40,ok,,125,125,0,1.0,4,326,0,2,2,6.966,0.287,0.0,1,2,1,0,4,0.032,0.004
others/code/factorial.j,n,80,ok,,245,245,0,1.0,4,798,0,2,2,7.937,0.252,0.0,1,2,1,0,4,0.0163,0.006
others/code/factorial.j,n,160,ok,,485,485,0,1.0,4,1901,0,2,2,8.922,0.224,0.0,1,2,1,0,4,0.0082,0.009
others/examples/fact.j,n,2,ok,,31,18,13,1.7222,3,4,0,2,1,4.954,0.202,0.784,3,2,4,3,15,0.4839,0.004
others/examples/fact.j,n,4,ok,,139,32,107,4.3438,5,12,0,2,3,7.119,0.421,2.119,5,4,16,15,84,0.6043,0.006
others/examples/fact.j,n,6,ok,,571,46,525,12.413,7,29,0,2,5,9.157,0.546,3.634,7,6,64,63,369,0.6462,0.015
others/examples/fact.j,n,8,ok,,2299,60,2239,38.3167,9,58,0,2,7,11.167,0.627,5.26,9,8,256,255,1518,0.6603,0.058
others/examples/fact.j,n,10,ok,,9211,74,9137,124.473,11,99,0,2,9,13.169,0.683,6.96,11,10,1024,1023,6123,0.6647,0.31
others/examples/fact.j,n,12,ok,,36859,88,36771,418.8523,13,154,0,2,11,15.17,0.725,8.71,13,12,4096,4095,24552,0.6661,0.993
dp/lcs.j,n,3,ok,,55,55,0,1.0,7,26,0,5,2,5.781,0.346,0.0,1,2,1,0,39,0.7091,0.005
dp/lcs.j,n,5,ok,,124,124,0,1.0,7,45,0,5,2,6.954,0.288,0.0,1,2,1,0,25,0.2016,0.009
dp/lcs.j,n,8,ok,,285,285,0,1.0,7,160,0,5,2,8.155,0.245,0.0,1,2,1,0,27,0.0947,0.02
dp/lcs.j,n,12,ok,,607,607,0,1.0,7,353,0,5,2,9.246,0.216,0.0,1,2,1,0,35,0.0577,0.045
dp/lcs.j,n,16,ok,,1024,1024,0,1.0,7,768,0,5,2,10.0,0.2,0.0,1,2,1,0,39,0.0381,0.085
dp/lcs.j,n,24,ok,,2290,2290,0,1.0,7,1864,0,5,2,11.161,0.179,0.0,1,2,1,0,51,0.0223,0.271
dp/knapsack.j,n_items,2,ok,,53,53,0,1.0,7,32,0,5,2,5.728,0.349,0.0,1,2,1,0,10,0.1887,0.006
dp/knapsack.j,n_items,4,ok,,162,162,0,1.0,7,157,0,5,2,7.34,0.272,0.0,1,2,1,0,14,0.0864,0.014
dp/knapsack.j,n_items,6,ok,,326,326,0,1.0,7,295,0,5,2,8.349,0.24,0.0,1,2,1,0,30,0.092,0.043
dp/knapsack.j,n_items,8,ok,,558,558,0,1.0,7,650,0,5,2,9.124,0.219,0.0,1,2,1,0,37,0.0663,0.044
dp/knapsack.j,n_items,12,ok,,1183,1183,0,1.0,7,1682,0,5,2,10.208,0.196,0.0,1,2,1,0,54,0.0456,0.116
dp/knapsack.j,n_items,16,ok,,2073,2073,0,1.0,7,3284,0,5,2,11.018,0.182,0.0,1,2,1,0,50,0.0241,0.245
dp/lis.j,n,4,ok,,154,98,56,1.5714,9,40,0,4,5,7.267,0.688,0.652,2,6,6,5,129,0.8377,0.009
dp/lis.j,n,8,ok,,434,254,180,1.7087,9,70,0,4,5,8.762,0.571,0.773,2,6,10,9,241,0.5553,0.015
dp/lis.j,n,12,ok,,846,476,370,1.7773,9,117,0,4,5,9.725,0.514,0.83,2,6,14,13,312,0.3688,0.026
dp/lis.j,n,16,ok,,1526,832,694,1.8341,9,179,0,4,5,10.576,0.473,0.875,2,6,18,17,69,0.0452,0.051
dp/lis.j,n,24,ok,,3002,1602,1400,1.8739,9,240,0,4,5,11.552,0.433,0.906,2,6,26,25,210,0.07,0.092
dp/lis.j,n,32,ok,,4962,2614,2348,1.8982,9,290,0,4,5,12.277,0.407,0.925,2,6,34,33,214,0.0431,0.168
bsort/bsort2.j,n,4,ok,,119,65,54,1.8308,8,40,0,3,5,6.895,0.725,0.872,1,4,1,1,72,0.605,0.006
bsort/bsort2.j,n,6,ok,,271,143,128,1.8951,8,68,0,3,5,8.082,0.619,0.922,1,4,1,1,161,0.5941,0.011
bsort/bsort2.j,n,8,ok,,455,237,218,1.9198,8,100,0,3,5,8.83,0.566,0.941,1,4,1,1,244,0.5363,0.018
bsort/bsort2.j,n,12,ok,,911,469,442,1.9424,8,189,0,3,5,9.831,0.509,0.958,1,4,1,1,498,0.5467,0.03
bsort/bsort2.j,n,16,ok,,1455,745,710,1.953,8,288,0,3,5,10.507,0.476,0.966,1,4,1,1,963,0.6619,0.051
bsort/bsort2.j,n,24,ok,,3383,1717,1666,1.9703,8,553,0,3,5,11.724,0.426,0.978,1,4,1,1,1892,0.5593,0.139
msort/msort1.j,n,2,ok,,85,46,39,1.8478,8,14,0,3,5,6.409,0.78,0.886,2,7,4,4,47,0.5529,0.006
msort/msort1.j,n,4,ok,,285,148,137,1.9257,11,35,0,3,8,8.155,0.981,0.945,3,8,10,10,163,0.5719,0.013
msort/msort1.j,n,8,ok,,773,396,377,1.952,12,82,0,3,9,9.594,0.938,0.965,4,9,22,22,509,0.6585,0.031
msort/msort1.j,n,16,ok,,1925,980,945,1.9643,13,191,0,3,10,10.911,0.917,0.974,5,10,46,46,1279,0.6644,0.09
msort/msort1.j,n,32,ok,,4581,2324,2257,1.9712,14,424,0,3,11,12.161,0.904,0.979,6,11,94,94,2985,0.6516,0.251
msort/msort1.j,n,64,ok,,10597,5364,5233,1.9756,15,961,0,3,12,13.371,0.897,0.982,7,12,190,190,6746,0.6366,0.722
