path,family,dialect_used,total_steps,fwd_steps,time_ratio,n_calls,n_uncalls,call_depth_max,sem_uncompute_steps_loose,time_ratio_sem_loose,n_partial,sem_uncompute_steps,sem_fwd_steps,time_ratio_sem,k_time_sem,n_paired,n_paired_same_dir,n_paired_calls,n_unpaired_uncalls,class_syntactic,class_semantic,class_semantic_loose
apsp/apsp.j,apsp,jana2014,1926,1117,1.7243,67,32,4,841,1.7751,24,224,1702,1.1316,0.178,8,0,0,0,C,B,C
avl/avl_delete.j,avl,jana2014,810,805,1.0062,137,1,7,12,1.015,1,6,804,1.0075,0.011,1,0,0,0,B,B,B
avl/avl_insert.j,avl,jana2014,691,691,1.0,119,0,7,0,1.0,0,0,691,1.0,0.0,0,0,0,0,A1,A1,A1
avl/avl_search.j,avl,jana2014,61,44,1.3864,4,2,2,19,1.4524,0,19,42,1.4524,0.538,2,0,0,0,B,B,B
bellman_ford/bellman_ford.j,bellman_ford,jana2014,327,327,1.0,1,0,1,0,1.0,0,0,327,1.0,0.0,0,0,0,0,A2,A2,A2
bfs/bfs.j,bfs,jana2014,206,206,1.0,1,0,1,0,1.0,0,0,206,1.0,0.0,0,0,0,0,A1,A1,A1
bsort/bsort2.j,bsort,jana2014,247,131,1.8855,1,1,1,117,1.9,1,0,247,1.0,0.0,0,0,0,0,C,A1,C
bsort/code/bsort1.j,bsort,jana2014,91,91,1.0,1,0,1,0,1.0,0,0,91,1.0,0.0,0,0,0,0,A1,A1,A1
bsort/code/bsort1_online.j,bsort,jana2014,118,118,1.0,1,0,1,0,1.0,0,0,118,1.0,0.0,0,0,0,0,A1,A1,A1
bsort/code/bsort2.j,bsort,jana2014,199,109,1.8257,3,1,2,91,1.8426,1,0,199,1.0,0.0,0,0,0,0,C,A1,C
bsort/code/bsort3.j,bsort,jana2014,199,109,1.8257,3,1,2,91,1.8426,1,0,199,1.0,0.0,0,0,0,0,C,A1,C
bsort/code/bsort4.j,bsort,jana2014,71,71,1.0,1,0,1,0,1.0,0,0,71,1.0,0.0,0,0,0,0,A1,A1,A1
bsort/code/bsort5.j,bsort,jana2014,68,68,1.0,1,0,1,0,1.0,0,0,68,1.0,0.0,0,0,0,0,A1,A1,A1
bsort/code/bsort_dijkstra79_A2.j,bsort,jana2014,62,62,1.0,1,0,1,0,1.0,0,0,62,1.0,0.0,0,0,0,0,A1,A1,A1
bsort/examples/bsort_inversiontable.j,bsort,jana2014,65,65,1.0,1,0,1,0,1.0,0,0,65,1.0,0.0,0,0,0,0,A1,A1,A1
bsort/examples/bsort_inversiontable_r2l.j,bsort,jana2014,156,156,1.0,1,0,1,0,1.0,0,0,156,1.0,0.0,0,0,0,0,A1,A1,A1
csort/csort1.j,csort,jana2014,67,67,1.0,1,0,1,0,1.0,0,0,67,1.0,0.0,0,0,0,0,A1,A1,A1
depth_search/dsearch_matrix.j,depth_search,jana2014,136,136,1.0,5,0,4,0,1.0,0,0,136,1.0,0.0,0,0,0,0,A1,A1,A1
dijkstra/dijkstra.j,dijkstra,jana2014,451,327,1.3792,11,5,3,129,1.4006,0,129,322,1.4006,0.486,5,0,0,0,B,B,B
dp/edit_distance.j,dp,jana2014,285,285,1.0,1,0,1,0,1.0,0,0,285,1.0,0.0,0,0,0,0,A2,A2,A2
dp/knapsack.j,dp,jana2014,83,83,1.0,1,0,1,0,1.0,0,0,83,1.0,0.0,0,0,0,0,A2,A2,A2
dp/lcs.j,dp,jana2014,168,168,1.0,1,0,1,0,1.0,0,0,168,1.0,0.0,0,0,0,0,A2,A2,A2
dp/lis.j,dp,jana2014,474,274,1.7299,10,9,2,206,1.7687,7,45,429,1.1049,0.144,1,0,0,1,C,B,C
dynarray/dynarray.j,dynarray,jana2014,62,62,1.0,8,0,1,0,1.0,0,0,62,1.0,0.0,0,0,0,0,A1,A1,A1
floyd_warshall/floyd_warshall.j,floyd_warshall,jana2014,412,412,1.0,1,0,1,0,1.0,0,0,412,1.0,0.0,0,0,0,0,A2,A2,A2
geometry/closest_pair.j,geometry,jana2014,155,87,1.7816,2,1,2,69,1.8023,0,69,86,1.8023,0.85,1,0,0,0,C,C,C
geometry/convex_hull.j,geometry,jana2014,359,213,1.6854,11,5,3,151,1.726,0,151,208,1.726,0.787,5,0,0,0,C,C,C
hsort/hsort2.j,hsort,jana2014,396,396,1.0,37,0,6,0,1.0,0,0,396,1.0,0.0,0,0,0,0,A1,A1,A1
hsort/hsort3.j,hsort,jana2014,791,416,1.9014,50,48,7,376,1.906,21,0,791,1.0,0.0,0,0,0,27,C,A1,C
hsort/code/hsort1.j,hsort,jana2014,670,355,1.8873,39,37,7,316,1.8927,37,0,670,1.0,0.0,0,0,0,0,C,A1,C
hsort/code/hsort2.j,hsort,jana2014,494,267,1.8502,37,35,7,228,1.8571,14,0,494,1.0,0.0,0,0,0,21,C,A1,C
inc_code/inc_decfac.j,inc_code,jana2014,31,31,1.0,1,0,1,0,1.0,0,0,31,1.0,0.0,0,0,0,0,A1,A1,A1
inc_code/inc_perm.j,inc_code,jana2014,42,42,1.0,3,0,2,0,1.0,0,0,42,1.0,0.0,0,0,0,0,A1,A1,A1
isort/disort.j,isort,jana2014,238,139,1.7122,7,6,2,90,1.6081,0,90,148,1.6081,0.685,5,0,0,1,C,C,C
isort/isort10.j,isort,jana2014,401,208,1.9279,5,4,2,28,1.0751,0,28,373,1.0751,0.104,1,0,0,3,C,B,B
isort/isort5.j,isort,jana2014,75,75,1.0,1,0,1,0,1.0,0,0,75,1.0,0.0,0,0,0,0,A1,A1,A1
isort/isort6.j,isort,jana2014,149,82,1.8171,1,1,1,68,1.8395,1,0,149,1.0,0.0,0,0,0,0,C,A1,C
isort/isort7.j,isort,jana2014,127,127,1.0,1,0,1,0,1.0,0,0,127,1.0,0.0,0,0,0,0,A1,A1,A1
isort/isort8.j,isort,jana2014,53,53,1.0,1,0,1,0,1.0,0,0,53,1.0,0.0,0,0,0,0,A1,A1,A1
isort/isort9.j,isort,jana2014,204,106,1.9245,1,1,1,0,1.0,0,0,204,1.0,0.0,0,0,0,1,C,A1,A1
isort/isort_hall.j,isort,jana2014,86,86,1.0,1,0,1,0,1.0,0,0,86,1.0,0.0,0,0,0,0,A1,A1,A1
isort/code/isort1.j,isort,jana2014,278,72,3.8611,8,12,3,94,1.5109,0,94,184,1.5109,0.595,6,0,0,6,D,B,B
isort/code/isort1_old.j,isort,jana2014,47,47,1.0,1,0,1,0,1.0,0,0,47,1.0,0.0,0,0,0,0,A1,A1,A1
isort/code/isort2.j,isort,jana2014,82,82,1.0,2,0,1,0,1.0,0,0,82,1.0,0.0,0,0,0,0,A1,A1,A1
isort/code/isort2_old.j,isort,jana2014,111,65,1.7077,3,1,2,47,1.7344,1,0,111,1.0,0.0,0,0,0,0,C,A1,C
isort/code/isort3.j,isort,jana2014,43,43,1.0,1,0,1,0,1.0,0,0,43,1.0,0.0,0,0,0,0,A1,A1,A1
isort/code/isort3_old.j,isort,jana2014,111,65,1.7077,3,1,2,47,1.7344,1,0,111,1.0,0.0,0,0,0,0,C,A1,C
isort/code/isort4_old.j,isort,jana2014,78,78,1.0,2,0,1,0,1.0,0,0,78,1.0,0.0,0,0,0,0,A1,A1,A1
isort/code/isort_dijkstra79_A1.j,isort,jana2014,49,49,1.0,1,0,1,0,1.0,0,0,49,1.0,0.0,0,0,0,0,A1,A1,A1
linear_search/Lsearch1.j,linear_search,jana2014,138,73,1.8904,2,1,2,66,1.9167,0,66,72,1.9167,0.939,1,0,0,0,C,C,C
linear_search/Lsearch2.j,linear_search,jana2014,137,72,1.9028,1,1,1,66,1.9296,0,66,71,1.9296,0.948,1,0,0,0,C,C,C
linear_search/Lsearch3.j,linear_search,jana2014,25,25,1.0,1,0,1,0,1.0,0,0,25,1.0,0.0,0,0,0,0,A1,A1,A1
linear_search/Lsearch4.j,linear_search,jana2014,179,104,1.7212,2,1,2,76,1.7379,0,76,103,1.7379,0.797,1,0,0,0,C,C,C
linear_search/Lsearch5.j,linear_search,jana2014,181,105,1.7238,2,1,2,77,1.7404,0,77,104,1.7404,0.799,1,0,0,0,C,C,C
linear_search/Lsearch6.j,linear_search,jana2014,264,146,1.8082,1,1,1,119,1.8207,0,119,145,1.8207,0.864,1,0,0,0,C,C,C
linear_search/Lsearch7.j,linear_search,jana2014,181,104,1.7404,1,1,1,78,1.7573,0,78,103,1.7573,0.813,1,0,0,0,C,C,C
linear_search/list_sentinel1.j,linear_search,jana2014,88,48,1.8333,2,1,2,41,1.8723,0,41,47,1.8723,0.905,1,0,0,0,C,C,C
linear_search/list_sentinel2.j,linear_search,jana2014,57,32,1.7812,1,1,1,26,1.8387,0,26,31,1.8387,0.879,1,0,0,0,C,C,C
linear_search/list_sentinel3.j,linear_search,jana2014,137,84,1.631,2,1,2,54,1.6506,0,54,83,1.6506,0.723,1,0,0,0,C,C,C
linear_search/list_sentinel4.j,linear_search,jana2014,60,45,1.3333,1,1,1,16,1.3636,0,16,44,1.3636,0.447,1,0,0,0,B,B,B
linear_search/list_sentinel5.j,linear_search,jana2014,135,82,1.6463,1,1,1,54,1.6667,0,54,81,1.6667,0.737,1,0,0,0,C,C,C
linear_search/sentinel1.j,linear_search,jana2014,56,32,1.75,2,1,2,25,1.8065,0,25,31,1.8065,0.853,1,0,0,0,C,C,C
linear_search/sentinel2.j,linear_search,jana2014,91,49,1.8571,1,1,1,43,1.8958,0,43,48,1.8958,0.923,1,0,0,0,C,C,C
linear_search/sentinel3.j,linear_search,jana2014,143,86,1.6628,2,1,2,58,1.6824,0,58,85,1.6824,0.75,1,0,0,0,C,C,C
linear_search/sentinel4.j,linear_search,jana2014,214,121,1.7686,1,1,1,94,1.7833,0,94,120,1.7833,0.835,1,0,0,0,C,C,C
linear_search/sentinel5.j,linear_search,jana2014,222,125,1.776,1,1,1,98,1.7903,0,98,124,1.7903,0.84,1,0,0,0,C,C,C
minheap/minheap_GPC2018.j,minheap,jana2014,40,37,1.0811,4,3,2,4,1.1111,2,0,40,1.0,0.0,0,0,0,1,B,A1,B
minheap/minheap_Nohr2015.j,minheap,jana2014,472,437,1.0801,63,35,5,64,1.1569,8,48,424,1.1132,0.155,24,0,0,3,B,B,B
minheap/minheap_subset.j,minheap,jana2014,469,434,1.0806,63,35,5,64,1.158,8,48,421,1.114,0.156,24,0,0,3,B,B,B
msort/msort1.j,msort,jana2014,773,396,1.952,22,22,4,378,1.957,14,0,773,1.0,0.0,0,0,0,8,C,A1,C
msort/msort2.j,msort,jana2014,505,505,1.0,22,0,4,0,1.0,0,0,505,1.0,0.0,0,0,0,0,A1,A1,A1
msort/code/msort.j,msort,jana2014,335,335,1.0,23,0,5,0,1.0,0,0,335,1.0,0.0,0,0,0,0,A1,A1,A1
mst/prim.j,mst,jana2014,462,340,1.3588,11,5,3,127,1.3791,0,127,335,1.3791,0.464,5,0,0,0,B,B,B
numeric/ext_gcd.j,numeric,jana2014,46,46,1.0,1,0,1,0,1.0,0,0,46,1.0,0.0,0,0,0,0,A1,A1,A1
numeric/gcd.j,numeric,jana2014,16,16,1.0,1,0,1,0,1.0,0,0,16,1.0,0.0,0,0,0,0,A1,A1,A1
numeric/modexp.j,numeric,jana2014,67,67,1.0,1,0,1,0,1.0,0,0,67,1.0,0.0,0,0,0,0,A1,A1,A1
others/stackPermut.j,others,jana2014,752,752,1.0,64,0,9,0,1.0,0,0,752,1.0,0.0,0,0,0,0,A1,A1,A1
others/code/decfac2rank.j,others,jana2014,36,2,18.0,1,1,2,0,1.0,0,0,36,1.0,0.0,0,0,0,1,E,A1,A1
others/code/factorial.j,others,jana2014,20,20,1.0,1,0,1,0,1.0,0,0,20,1.0,0.0,0,0,0,0,A1,A1,A1
others/code/lisort.j,others,jana2014,114,79,1.443,1,5,2,0,1.0,0,0,114,1.0,0.0,0,0,0,5,B,A1,A1
others/examples/binarytree2e.j,others,jana2014,379,283,1.3392,51,24,4,64,1.2032,8,32,347,1.0922,0.127,8,0,0,8,B,B,B
others/examples/breadth_first_search.j,others,jana2014,1279,570,2.2439,100,81,5,688,2.1641,59,467,812,1.5751,0.655,13,0,2,42,D,B,D
others/examples/buildTree.j,others,jana2014,87,87,1.0,1,0,1,0,1.0,0,0,87,1.0,0.0,0,0,0,0,A1,A1,A1
others/examples/combination.j,others,jana2014,21,21,1.0,1,0,1,0,1.0,0,0,21,1.0,0.0,0,0,0,0,A1,A1,A1
others/examples/counting_sort.j,others,jana2014,67,67,1.0,1,0,1,0,1.0,0,0,67,1.0,0.0,0,0,0,0,A1,A1,A1
others/examples/fact.j,others,jana2014,283,39,7.2564,32,31,6,249,8.3235,0,249,34,8.3235,3.057,31,0,0,0,D,D,D
others/examples/factorization.j,others,jana2014,231,231,1.0,6,0,2,0,1.0,0,0,231,1.0,0.0,0,0,0,0,A1,A1,A1
others/examples/genParentheses.j,others,jana2014,202,202,1.0,22,0,7,0,1.0,0,0,202,1.0,0.0,0,0,0,0,A1,A1,A1
others/examples/genSuc.j,others,jana2014,64,64,1.0,2,0,1,0,1.0,0,0,64,1.0,0.0,0,0,0,0,A1,A1,A1
others/examples/invtab2rank.j,others,jana2014,90,60,1.5,1,1,2,0,1.0,0,0,90,1.0,0.0,0,0,0,1,B,A1,A1
others/examples/linkedlist5e.j,others,jana2014,307,186,1.6505,35,27,3,107,1.535,13,8,299,1.0268,0.038,2,0,0,14,C,B,B
others/examples/shell_sort1.j,others,jana2014,319,171,1.8655,1,1,1,149,1.8765,1,0,319,1.0,0.0,0,0,0,0,C,A1,C
perm/perm.j,perm,jana2014,18,18,1.0,1,0,1,0,1.0,0,0,18,1.0,0.0,0,0,0,0,A1,A1,A1
perm/perm2.j,perm,jana2014,15,15,1.0,1,0,1,0,1.0,0,0,15,1.0,0.0,0,0,0,0,A1,A1,A1
perm/perm2invtab1.j,perm,jana2014,10,10,1.0,0,0,0,0,1.0,0,0,10,1.0,0.0,0,0,0,0,A1,A1,A1
perm/code/perm2decfac.j,perm,jana2014,723,244,2.9631,23,23,3,218,1.4317,0,218,505,1.4317,0.518,22,0,0,1,D,B,B
perm/code/perm2decfac_nolex.j,perm,jana2014,105,105,1.0,3,0,2,0,1.0,0,0,105,1.0,0.0,0,0,0,0,A1,A1,A1
perm/code/perm2rank.j,perm,jana2014,28,28,1.0,5,0,5,0,1.0,0,0,28,1.0,0.0,0,0,0,0,A1,A1,A1
perm/code/perm2rank2.j,perm,jana2014,102,102,1.0,9,0,5,0,1.0,0,0,102,1.0,0.0,0,0,0,0,A1,A1,A1
qsort/qsort2.j,qsort,jana2014,515,406,1.2685,26,5,5,114,1.2843,0,114,401,1.2843,0.361,5,0,0,0,B,B,B
qsort/queue5e.j,qsort,jana2014,381,207,1.8406,24,24,3,215,2.2952,18,0,381,1.0,0.0,0,0,0,10,C,A1,D
qsort/code/qsort.j,qsort,jana2014,387,204,1.8971,22,10,5,84,1.2772,0,84,303,1.2772,0.353,5,0,0,5,C,B,B
qsort/code/qsort1.j,qsort,jana2014,388,205,1.8927,22,10,5,84,1.2763,0,84,304,1.2763,0.352,5,0,0,5,C,B,B
qsort/code/qsort2.j,qsort,jana2014,362,283,1.2792,27,5,5,84,1.3022,0,84,278,1.3022,0.381,5,0,0,0,B,B,B
rank/rank.j,rank,jana2014,2171,787,2.7586,126,124,3,1188,2.2085,8,940,1231,1.7636,0.819,100,0,0,20,D,C,D
rank/rank_lexicographic.j,rank,jana2014,722,10,72.2,22,24,3,218,1.4325,0,218,504,1.4325,0.519,22,0,0,2,E,B,B
rank/rank_perm.j,rank,jana2014,262,205,1.278,17,7,5,64,1.3232,0,64,198,1.3232,0.404,7,0,0,0,B,B,B
scc/kosaraju.j,scc,jana2014,311,311,1.0,11,0,6,0,1.0,0,0,311,1.0,0.0,0,0,0,0,A1,A1,A1
ssort/ssort1.j,ssort,jana2014,259,171,1.5146,14,6,4,94,1.5697,6,0,259,1.0,0.0,0,0,0,0,B,A1,B
ssort/code/ssort.j,ssort,jana2014,243,155,1.5677,14,6,4,94,1.6309,6,0,243,1.0,0.0,0,0,0,0,B,A1,C
ssort/code/ssort1.j,ssort,jana2014,279,17,16.4118,14,7,4,94,1.5081,0,94,185,1.5081,0.593,6,0,0,1,E,B,B
string_search/Force_str_search1-a.j,string_search,jana2014,43,43,1.0,1,0,1,0,1.0,0,0,43,1.0,0.0,0,0,0,0,A1,A1,A1
string_search/Force_str_search1-b.j,string_search,jana2014,40,40,1.0,1,0,1,0,1.0,0,0,40,1.0,0.0,0,0,0,0,A1,A1,A1
string_search/Force_str_search1-c.j,string_search,jana2014,40,40,1.0,1,0,1,0,1.0,0,0,40,1.0,0.0,0,0,0,0,A1,A1,A1
string_search/Force_str_search2-a.j,string_search,jana2014,35,35,1.0,1,0,1,0,1.0,0,0,35,1.0,0.0,0,0,0,0,A1,A1,A1
string_search/Force_str_search2-b.j,string_search,jana2014,31,31,1.0,1,0,1,0,1.0,0,0,31,1.0,0.0,0,0,0,0,A1,A1,A1
string_search/Force_str_search2-c.j,string_search,jana2014,38,38,1.0,1,0,1,0,1.0,0,0,38,1.0,0.0,0,0,0,0,A1,A1,A1
string_search/kmp2.j,string_search,jana2014,168,168,1.0,2,0,2,0,1.0,0,0,168,1.0,0.0,0,0,0,0,A1,A1,A1
toposort/toposort.j,toposort,jana2014,160,160,1.0,6,0,5,0,1.0,0,0,160,1.0,0.0,0,0,0,0,A1,A1,A1
treesort/treesort.j,treesort,jana2014,423,423,1.0,71,0,7,6,1.0144,1,0,423,1.0,0.0,0,0,0,0,A1,A1,B
