n,schedule,family,step,moves,pebbles,state_size,temps,time,time_pred,baseline_time,time_ratio,peak_space,declared_space,space_pred,output_ok
16,linear,linear,step_fib.srl,31,16,2,0,93,93,48,1.9375,33,34,34,True
16,linear,linear,step_lcg.srl,31,16,1,0,31,31,16,1.9375,17,17,17,True
16,linear,linear,step_tri.srl,31,16,1,2,390,390,204,1.9118,19,19,19,True
16,"bennett(k=4,m=2)",bennett,step_fib.srl,81,5,2,0,243,243,48,5.0625,11,12,12,True
16,"bennett(k=4,m=2)",bennett,step_lcg.srl,81,5,1,0,81,81,16,5.0625,6,6,6,True
16,"bennett(k=4,m=2)",bennett,step_tri.srl,81,5,1,2,858,858,204,4.2059,8,8,8,True
16,"bennett(k=2,m=4)",bennett,step_fib.srl,49,7,2,0,147,147,48,3.0625,15,16,16,True
16,"bennett(k=2,m=4)",bennett,step_lcg.srl,49,7,1,0,49,49,16,3.0625,8,8,8,True
16,"bennett(k=2,m=4)",bennett,step_tri.srl,49,7,1,2,594,594,204,2.9118,10,10,10,True
16,optimal(s=5),optimal,step_fib.srl,71,5,2,0,213,213,48,4.4375,11,12,12,True
16,optimal(s=5),optimal,step_lcg.srl,71,5,1,0,71,71,16,4.4375,6,6,6,True
16,optimal(s=5),optimal,step_tri.srl,71,5,1,2,798,798,204,3.9118,8,8,8,True
16,optimal(s=6),optimal,step_fib.srl,51,6,2,0,153,153,48,3.1875,13,14,14,True
16,optimal(s=6),optimal,step_lcg.srl,51,6,1,0,51,51,16,3.1875,7,7,7,True
16,optimal(s=6),optimal,step_tri.srl,51,6,1,2,606,606,204,2.9706,9,9,9,True
16,optimal(s=7),optimal,step_fib.srl,49,7,2,0,147,147,48,3.0625,15,16,16,True
16,optimal(s=7),optimal,step_lcg.srl,49,7,1,0,49,49,16,3.0625,8,8,8,True
16,optimal(s=7),optimal,step_tri.srl,49,7,1,2,594,594,204,2.9118,10,10,10,True
16,optimal(s=8),optimal,step_fib.srl,47,8,2,0,141,141,48,2.9375,17,18,18,True
16,optimal(s=8),optimal,step_lcg.srl,47,8,1,0,47,47,16,2.9375,9,9,9,True
16,optimal(s=8),optimal,step_tri.srl,47,8,1,2,582,582,204,2.8529,11,11,11,True
16,optimal(s=9),optimal,step_fib.srl,45,9,2,0,135,135,48,2.8125,19,20,20,True
16,optimal(s=9),optimal,step_lcg.srl,45,9,1,0,45,45,16,2.8125,10,10,10,True
16,optimal(s=9),optimal,step_tri.srl,45,9,1,2,570,570,204,2.7941,12,12,12,True
16,optimal(s=10),optimal,step_fib.srl,43,10,2,0,129,129,48,2.6875,21,22,22,True
16,optimal(s=10),optimal,step_lcg.srl,43,10,1,0,43,43,16,2.6875,11,11,11,True
16,optimal(s=10),optimal,step_tri.srl,43,10,1,2,534,534,204,2.6176,13,13,13,True
16,optimal(s=11),optimal,step_fib.srl,41,11,2,0,123,123,48,2.5625,23,24,24,True
16,optimal(s=11),optimal,step_lcg.srl,41,11,1,0,41,41,16,2.5625,12,12,12,True
16,optimal(s=11),optimal,step_tri.srl,41,11,1,2,498,498,204,2.4412,14,14,14,True
16,optimal(s=12),optimal,step_fib.srl,39,12,2,0,117,117,48,2.4375,25,26,26,True
16,optimal(s=12),optimal,step_lcg.srl,39,12,1,0,39,39,16,2.4375,13,13,13,True
16,optimal(s=12),optimal,step_tri.srl,39,12,1,2,462,462,204,2.2647,15,15,15,True
16,optimal(s=13),optimal,step_fib.srl,37,13,2,0,111,111,48,2.3125,27,28,28,True
16,optimal(s=13),optimal,step_lcg.srl,37,13,1,0,37,37,16,2.3125,14,14,14,True
16,optimal(s=13),optimal,step_tri.srl,37,13,1,2,450,450,204,2.2059,16,16,16,True
16,optimal(s=14),optimal,step_fib.srl,35,14,2,0,105,105,48,2.1875,29,30,30,True
16,optimal(s=14),optimal,step_lcg.srl,35,14,1,0,35,35,16,2.1875,15,15,15,True
16,optimal(s=14),optimal,step_tri.srl,35,14,1,2,438,438,204,2.1471,17,17,17,True
16,optimal(s=15),optimal,step_fib.srl,33,15,2,0,99,99,48,2.0625,31,32,32,True
16,optimal(s=15),optimal,step_lcg.srl,33,15,1,0,33,33,16,2.0625,16,16,16,True
16,optimal(s=15),optimal,step_tri.srl,33,15,1,2,402,402,204,1.9706,18,18,18,True
16,optimal(s=16),optimal,step_fib.srl,31,16,2,0,93,93,48,1.9375,33,34,34,True
16,optimal(s=16),optimal,step_lcg.srl,31,16,1,0,31,31,16,1.9375,17,17,17,True
16,optimal(s=16),optimal,step_tri.srl,31,16,1,2,390,390,204,1.9118,19,19,19,True
64,linear,linear,step_fib.srl,127,64,2,0,381,381,192,1.9844,129,130,130,True
64,linear,linear,step_lcg.srl,127,64,1,0,127,127,64,1.9844,64,65,65,True
64,linear,linear,step_tri.srl,127,64,1,2,2118,2118,1068,1.9831,67,67,67,True
64,"bennett(k=6,m=2)",bennett,step_fib.srl,729,7,2,0,2187,2187,192,11.3906,15,16,16,True
64,"bennett(k=6,m=2)",bennett,step_lcg.srl,729,7,1,0,729,729,64,11.3906,8,8,8,True
64,"bennett(k=6,m=2)",bennett,step_tri.srl,729,7,1,2,10722,10722,1068,10.0393,10,10,10,True
64,"bennett(k=3,m=4)",bennett,step_fib.srl,343,10,2,0,1029,1029,192,5.3594,21,22,22,True
64,"bennett(k=3,m=4)",bennett,step_lcg.srl,343,10,1,0,343,343,64,5.3594,11,11,11,True
64,"bennett(k=3,m=4)",bennett,step_tri.srl,343,10,1,2,5598,5598,1068,5.2416,13,13,13,True
64,"bennett(k=2,m=8)",bennett,step_fib.srl,225,15,2,0,675,675,192,3.5156,31,32,32,True
64,"bennett(k=2,m=8)",bennett,step_lcg.srl,225,15,1,0,225,225,64,3.5156,16,16,16,True
64,"bennett(k=2,m=8)",bennett,step_tri.srl,225,15,1,2,3738,3738,1068,3.5,18,18,18,True
64,optimal(s=7),optimal,step_fib.srl,531,7,2,0,1593,1593,192,8.2969,15,16,16,True
64,optimal(s=7),optimal,step_lcg.srl,531,7,1,0,531,531,64,8.2969,8,8,8,True
64,optimal(s=7),optimal,step_tri.srl,531,7,1,2,8358,8358,1068,7.8258,10,10,10,True
64,optimal(s=8),optimal,step_fib.srl,369,8,2,0,1107,1107,192,5.7656,17,18,18,True
64,optimal(s=8),optimal,step_lcg.srl,369,8,1,0,369,369,64,5.7656,9,9,9,True
64,optimal(s=8),optimal,step_tri.srl,369,8,1,2,5994,5994,1068,5.6124,11,11,11,True
64,optimal(s=9),optimal,step_fib.srl,333,9,2,0,999,999,192,5.2031,19,20,20,True
64,optimal(s=9),optimal,step_lcg.srl,333,9,1,0,333,333,64,5.2031,10,10,10,True
64,optimal(s=9),optimal,step_tri.srl,333,9,1,2,5634,5634,1068,5.2753,12,12,12,True
64,optimal(s=10),optimal,step_fib.srl,293,10,2,0,879,879,192,4.5781,21,22,22,True
64,optimal(s=10),optimal,step_lcg.srl,293,10,1,0,293,293,64,4.5781,11,11,11,True
64,optimal(s=10),optimal,step_tri.srl,293,10,1,2,4962,4962,1068,4.6461,13,13,13,True
64,optimal(s=11),optimal,step_fib.srl,249,11,2,0,747,747,192,3.8906,23,24,24,True
64,optimal(s=11),optimal,step_lcg.srl,249,11,1,0,249,249,64,3.8906,12,12,12,True
64,optimal(s=11),optimal,step_tri.srl,249,11,1,2,4122,4122,1068,3.8596,14,14,14,True
64,optimal(s=12),optimal,step_fib.srl,231,12,2,0,693,693,192,3.6094,25,26,26,True
64,optimal(s=12),optimal,step_lcg.srl,231,12,1,0,231,231,64,3.6094,13,13,13,True
64,optimal(s=12),optimal,step_tri.srl,231,12,1,2,3846,3846,1068,3.6011,15,15,15,True
64,optimal(s=13),optimal,step_fib.srl,229,13,2,0,687,687,192,3.5781,27,28,28,True
64,optimal(s=13),optimal,step_lcg.srl,229,13,1,0,229,229,64,3.5781,14,14,14,True
64,optimal(s=13),optimal,step_tri.srl,229,13,1,2,3834,3834,1068,3.5899,16,16,16,True
64,optimal(s=14),optimal,step_fib.srl,227,14,2,0,681,681,192,3.5469,29,30,30,True
64,optimal(s=14),optimal,step_lcg.srl,227,14,1,0,227,227,64,3.5469,15,15,15,True
64,optimal(s=14),optimal,step_tri.srl,227,14,1,2,3822,3822,1068,3.5787,17,17,17,True
64,optimal(s=15),optimal,step_fib.srl,225,15,2,0,675,675,192,3.5156,31,32,32,True
64,optimal(s=15),optimal,step_lcg.srl,225,15,1,0,225,225,64,3.5156,16,16,16,True
64,optimal(s=15),optimal,step_tri.srl,225,15,1,2,3810,3810,1068,3.5674,18,18,18,True
64,optimal(s=16),optimal,step_fib.srl,223,16,2,0,669,669,192,3.4844,33,34,34,True
64,optimal(s=16),optimal,step_lcg.srl,223,16,1,0,223,223,64,3.4844,17,17,17,True
64,optimal(s=16),optimal,step_tri.srl,223,16,1,2,3774,3774,1068,3.5337,19,19,19,True
64,optimal(s=17),optimal,step_fib.srl,221,17,2,0,663,663,192,3.4531,35,36,36,True
64,optimal(s=17),optimal,step_lcg.srl,221,17,1,0,221,221,64,3.4531,18,18,18,True
64,optimal(s=17),optimal,step_tri.srl,221,17,1,2,3738,3738,1068,3.5,20,20,20,True
64,optimal(s=18),optimal,step_fib.srl,219,18,2,0,657,657,192,3.4219,37,38,38,True
64,optimal(s=18),optimal,step_lcg.srl,219,18,1,0,219,219,64,3.4219,19,19,19,True
64,optimal(s=18),optimal,step_tri.srl,219,18,1,2,3702,3702,1068,3.4663,21,21,21,True
64,optimal(s=19),optimal,step_fib.srl,217,19,2,0,651,651,192,3.3906,39,40,40,True
64,optimal(s=19),optimal,step_lcg.srl,217,19,1,0,217,217,64,3.3906,20,20,20,True
64,optimal(s=19),optimal,step_tri.srl,217,19,1,2,3666,3666,1068,3.4326,22,22,22,True
64,optimal(s=20),optimal,step_fib.srl,215,20,2,0,645,645,192,3.3594,41,42,42,True
64,optimal(s=20),optimal,step_lcg.srl,215,20,1,0,215,215,64,3.3594,20,21,21,True
64,optimal(s=20),optimal,step_tri.srl,215,20,1,2,3654,3654,1068,3.4213,23,23,23,True
64,optimal(s=21),optimal,step_fib.srl,213,21,2,0,639,639,192,3.3281,43,44,44,True
64,optimal(s=21),optimal,step_lcg.srl,213,21,1,0,213,213,64,3.3281,21,22,22,True
64,optimal(s=21),optimal,step_tri.srl,213,21,1,2,3642,3642,1068,3.4101,24,24,24,True
64,optimal(s=22),optimal,step_fib.srl,211,22,2,0,633,633,192,3.2969,45,46,46,True
64,optimal(s=22),optimal,step_lcg.srl,211,22,1,0,211,211,64,3.2969,22,23,23,True
64,optimal(s=22),optimal,step_tri.srl,211,22,1,2,3606,3606,1068,3.3764,25,25,25,True
64,optimal(s=23),optimal,step_fib.srl,209,23,2,0,627,627,192,3.2656,47,48,48,True
64,optimal(s=23),optimal,step_lcg.srl,209,23,1,0,209,209,64,3.2656,23,24,24,True
64,optimal(s=23),optimal,step_tri.srl,209,23,1,2,3570,3570,1068,3.3427,26,26,26,True
64,optimal(s=24),optimal,step_fib.srl,207,24,2,0,621,621,192,3.2344,49,50,50,True
64,optimal(s=24),optimal,step_lcg.srl,207,24,1,0,207,207,64,3.2344,24,25,25,True
64,optimal(s=24),optimal,step_tri.srl,207,24,1,2,3558,3558,1068,3.3315,27,27,27,True
64,optimal(s=25),optimal,step_fib.srl,205,25,2,0,615,615,192,3.2031,51,52,52,True
64,optimal(s=25),optimal,step_lcg.srl,205,25,1,0,205,205,64,3.2031,25,26,26,True
64,optimal(s=25),optimal,step_tri.srl,205,25,1,2,3522,3522,1068,3.2978,28,28,28,True
64,optimal(s=26),optimal,step_fib.srl,203,26,2,0,609,609,192,3.1719,53,54,54,True
64,optimal(s=26),optimal,step_lcg.srl,203,26,1,0,203,203,64,3.1719,26,27,27,True
64,optimal(s=26),optimal,step_tri.srl,203,26,1,2,3486,3486,1068,3.264,29,29,29,True
64,optimal(s=27),optimal,step_fib.srl,201,27,2,0,603,603,192,3.1406,55,56,56,True
64,optimal(s=27),optimal,step_lcg.srl,201,27,1,0,201,201,64,3.1406,27,28,28,True
64,optimal(s=27),optimal,step_tri.srl,201,27,1,2,3450,3450,1068,3.2303,30,30,30,True
64,optimal(s=28),optimal,step_fib.srl,199,28,2,0,597,597,192,3.1094,57,58,58,True
64,optimal(s=28),optimal,step_lcg.srl,199,28,1,0,199,199,64,3.1094,28,29,29,True
64,optimal(s=28),optimal,step_tri.srl,199,28,1,2,3414,3414,1068,3.1966,31,31,31,True
64,optimal(s=29),optimal,step_fib.srl,197,29,2,0,591,591,192,3.0781,59,60,60,True
64,optimal(s=29),optimal,step_lcg.srl,197,29,1,0,197,197,64,3.0781,29,30,30,True
64,optimal(s=29),optimal,step_tri.srl,197,29,1,2,3378,3378,1068,3.1629,32,32,32,True
64,optimal(s=30),optimal,step_fib.srl,195,30,2,0,585,585,192,3.0469,61,62,62,True
64,optimal(s=30),optimal,step_lcg.srl,195,30,1,0,195,195,64,3.0469,30,31,31,True
64,optimal(s=30),optimal,step_tri.srl,195,30,1,2,3342,3342,1068,3.1292,33,33,33,True
64,optimal(s=31),optimal,step_fib.srl,193,31,2,0,579,579,192,3.0156,63,64,64,True
64,optimal(s=31),optimal,step_lcg.srl,193,31,1,0,193,193,64,3.0156,31,32,32,True
64,optimal(s=31),optimal,step_tri.srl,193,31,1,2,3306,3306,1068,3.0955,34,34,34,True
64,optimal(s=32),optimal,step_fib.srl,191,32,2,0,573,573,192,2.9844,65,66,66,True
64,optimal(s=32),optimal,step_lcg.srl,191,32,1,0,191,191,64,2.9844,32,33,33,True
64,optimal(s=32),optimal,step_tri.srl,191,32,1,2,3270,3270,1068,3.0618,35,35,35,True
64,optimal(s=33),optimal,step_fib.srl,189,33,2,0,567,567,192,2.9531,67,68,68,True
64,optimal(s=33),optimal,step_lcg.srl,189,33,1,0,189,189,64,2.9531,33,34,34,True
64,optimal(s=33),optimal,step_tri.srl,189,33,1,2,3234,3234,1068,3.0281,36,36,36,True
64,optimal(s=34),optimal,step_fib.srl,187,34,2,0,561,561,192,2.9219,69,70,70,True
64,optimal(s=34),optimal,step_lcg.srl,187,34,1,0,187,187,64,2.9219,34,35,35,True
64,optimal(s=34),optimal,step_tri.srl,187,34,1,2,3198,3198,1068,2.9944,37,37,37,True
64,optimal(s=35),optimal,step_fib.srl,185,35,2,0,555,555,192,2.8906,71,72,72,True
64,optimal(s=35),optimal,step_lcg.srl,185,35,1,0,185,185,64,2.8906,35,36,36,True
64,optimal(s=35),optimal,step_tri.srl,185,35,1,2,3162,3162,1068,2.9607,38,38,38,True
64,optimal(s=36),optimal,step_fib.srl,183,36,2,0,549,549,192,2.8594,73,74,74,True
64,optimal(s=36),optimal,step_lcg.srl,183,36,1,0,183,183,64,2.8594,36,37,37,True
64,optimal(s=36),optimal,step_tri.srl,183,36,1,2,3126,3126,1068,2.927,39,39,39,True
64,optimal(s=37),optimal,step_fib.srl,181,37,2,0,543,543,192,2.8281,75,76,76,True
64,optimal(s=37),optimal,step_lcg.srl,181,37,1,0,181,181,64,2.8281,37,38,38,True
64,optimal(s=37),optimal,step_tri.srl,181,37,1,2,3090,3090,1068,2.8933,40,40,40,True
64,optimal(s=38),optimal,step_fib.srl,179,38,2,0,537,537,192,2.7969,77,78,78,True
64,optimal(s=38),optimal,step_lcg.srl,179,38,1,0,179,179,64,2.7969,38,39,39,True
64,optimal(s=38),optimal,step_tri.srl,179,38,1,2,3054,3054,1068,2.8596,41,41,41,True
64,optimal(s=39),optimal,step_fib.srl,177,39,2,0,531,531,192,2.7656,79,80,80,True
64,optimal(s=39),optimal,step_lcg.srl,177,39,1,0,177,177,64,2.7656,39,40,40,True
64,optimal(s=39),optimal,step_tri.srl,177,39,1,2,3018,3018,1068,2.8258,42,42,42,True
64,optimal(s=40),optimal,step_fib.srl,175,40,2,0,525,525,192,2.7344,81,82,82,True
64,optimal(s=40),optimal,step_lcg.srl,175,40,1,0,175,175,64,2.7344,40,41,41,True
64,optimal(s=40),optimal,step_tri.srl,175,40,1,2,2982,2982,1068,2.7921,43,43,43,True
64,optimal(s=41),optimal,step_fib.srl,173,41,2,0,519,519,192,2.7031,83,84,84,True
64,optimal(s=41),optimal,step_lcg.srl,173,41,1,0,173,173,64,2.7031,41,42,42,True
64,optimal(s=41),optimal,step_tri.srl,173,41,1,2,2946,2946,1068,2.7584,44,44,44,True
64,optimal(s=42),optimal,step_fib.srl,171,42,2,0,513,513,192,2.6719,85,86,86,True
64,optimal(s=42),optimal,step_lcg.srl,171,42,1,0,171,171,64,2.6719,42,43,43,True
64,optimal(s=42),optimal,step_tri.srl,171,42,1,2,2910,2910,1068,2.7247,45,45,45,True
64,optimal(s=43),optimal,step_fib.srl,169,43,2,0,507,507,192,2.6406,87,88,88,True
64,optimal(s=43),optimal,step_lcg.srl,169,43,1,0,169,169,64,2.6406,43,44,44,True
64,optimal(s=43),optimal,step_tri.srl,169,43,1,2,2874,2874,1068,2.691,46,46,46,True
64,optimal(s=44),optimal,step_fib.srl,167,44,2,0,501,501,192,2.6094,89,90,90,True
64,optimal(s=44),optimal,step_lcg.srl,167,44,1,0,167,167,64,2.6094,44,45,45,True
64,optimal(s=44),optimal,step_tri.srl,167,44,1,2,2838,2838,1068,2.6573,47,47,47,True
64,optimal(s=45),optimal,step_fib.srl,165,45,2,0,495,495,192,2.5781,91,92,92,True
64,optimal(s=45),optimal,step_lcg.srl,165,45,1,0,165,165,64,2.5781,45,46,46,True
64,optimal(s=45),optimal,step_tri.srl,165,45,1,2,2802,2802,1068,2.6236,48,48,48,True
64,optimal(s=46),optimal,step_fib.srl,163,46,2,0,489,489,192,2.5469,93,94,94,True
64,optimal(s=46),optimal,step_lcg.srl,163,46,1,0,163,163,64,2.5469,46,47,47,True
64,optimal(s=46),optimal,step_tri.srl,163,46,1,2,2766,2766,1068,2.5899,49,49,49,True
64,optimal(s=47),optimal,step_fib.srl,161,47,2,0,483,483,192,2.5156,95,96,96,True
64,optimal(s=47),optimal,step_lcg.srl,161,47,1,0,161,161,64,2.5156,47,48,48,True
64,optimal(s=47),optimal,step_tri.srl,161,47,1,2,2730,2730,1068,2.5562,50,50,50,True
64,optimal(s=48),optimal,step_fib.srl,159,48,2,0,477,477,192,2.4844,97,98,98,True
64,optimal(s=48),optimal,step_lcg.srl,159,48,1,0,159,159,64,2.4844,48,49,49,True
64,optimal(s=48),optimal,step_tri.srl,159,48,1,2,2694,2694,1068,2.5225,51,51,51,True
64,optimal(s=49),optimal,step_fib.srl,157,49,2,0,471,471,192,2.4531,99,100,100,True
64,optimal(s=49),optimal,step_lcg.srl,157,49,1,0,157,157,64,2.4531,49,50,50,True
64,optimal(s=49),optimal,step_tri.srl,157,49,1,2,2658,2658,1068,2.4888,52,52,52,True
64,optimal(s=50),optimal,step_fib.srl,155,50,2,0,465,465,192,2.4219,101,102,102,True
64,optimal(s=50),optimal,step_lcg.srl,155,50,1,0,155,155,64,2.4219,50,51,51,True
64,optimal(s=50),optimal,step_tri.srl,155,50,1,2,2622,2622,1068,2.4551,53,53,53,True
64,optimal(s=51),optimal,step_fib.srl,153,51,2,0,459,459,192,2.3906,103,104,104,True
64,optimal(s=51),optimal,step_lcg.srl,153,51,1,0,153,153,64,2.3906,51,52,52,True
64,optimal(s=51),optimal,step_tri.srl,153,51,1,2,2586,2586,1068,2.4213,54,54,54,True
64,optimal(s=52),optimal,step_fib.srl,151,52,2,0,453,453,192,2.3594,105,106,106,True
64,optimal(s=52),optimal,step_lcg.srl,151,52,1,0,151,151,64,2.3594,52,53,53,True
64,optimal(s=52),optimal,step_tri.srl,151,52,1,2,2550,2550,1068,2.3876,55,55,55,True
64,optimal(s=53),optimal,step_fib.srl,149,53,2,0,447,447,192,2.3281,107,108,108,True
64,optimal(s=53),optimal,step_lcg.srl,149,53,1,0,149,149,64,2.3281,53,54,54,True
64,optimal(s=53),optimal,step_tri.srl,149,53,1,2,2514,2514,1068,2.3539,56,56,56,True
64,optimal(s=54),optimal,step_fib.srl,147,54,2,0,441,441,192,2.2969,109,110,110,True
64,optimal(s=54),optimal,step_lcg.srl,147,54,1,0,147,147,64,2.2969,54,55,55,True
64,optimal(s=54),optimal,step_tri.srl,147,54,1,2,2478,2478,1068,2.3202,57,57,57,True
64,optimal(s=55),optimal,step_fib.srl,145,55,2,0,435,435,192,2.2656,111,112,112,True
64,optimal(s=55),optimal,step_lcg.srl,145,55,1,0,145,145,64,2.2656,55,56,56,True
64,optimal(s=55),optimal,step_tri.srl,145,55,1,2,2442,2442,1068,2.2865,58,58,58,True
64,optimal(s=56),optimal,step_fib.srl,143,56,2,0,429,429,192,2.2344,113,114,114,True
64,optimal(s=56),optimal,step_lcg.srl,143,56,1,0,143,143,64,2.2344,56,57,57,True
64,optimal(s=56),optimal,step_tri.srl,143,56,1,2,2406,2406,1068,2.2528,59,59,59,True
64,optimal(s=57),optimal,step_fib.srl,141,57,2,0,423,423,192,2.2031,115,116,116,True
64,optimal(s=57),optimal,step_lcg.srl,141,57,1,0,141,141,64,2.2031,57,58,58,True
64,optimal(s=57),optimal,step_tri.srl,141,57,1,2,2370,2370,1068,2.2191,60,60,60,True
64,optimal(s=58),optimal,step_fib.srl,139,58,2,0,417,417,192,2.1719,117,118,118,True
64,optimal(s=58),optimal,step_lcg.srl,139,58,1,0,139,139,64,2.1719,58,59,59,True
64,optimal(s=58),optimal,step_tri.srl,139,58,1,2,2334,2334,1068,2.1854,61,61,61,True
64,optimal(s=59),optimal,step_fib.srl,137,59,2,0,411,411,192,2.1406,119,120,120,True
64,optimal(s=59),optimal,step_lcg.srl,137,59,1,0,137,137,64,2.1406,59,60,60,True
64,optimal(s=59),optimal,step_tri.srl,137,59,1,2,2298,2298,1068,2.1517,62,62,62,True
64,optimal(s=60),optimal,step_fib.srl,135,60,2,0,405,405,192,2.1094,121,122,122,True
64,optimal(s=60),optimal,step_lcg.srl,135,60,1,0,135,135,64,2.1094,60,61,61,True
64,optimal(s=60),optimal,step_tri.srl,135,60,1,2,2262,2262,1068,2.118,63,63,63,True
64,optimal(s=61),optimal,step_fib.srl,133,61,2,0,399,399,192,2.0781,123,124,124,True
64,optimal(s=61),optimal,step_lcg.srl,133,61,1,0,133,133,64,2.0781,61,62,62,True
64,optimal(s=61),optimal,step_tri.srl,133,61,1,2,2226,2226,1068,2.0843,64,64,64,True
64,optimal(s=62),optimal,step_fib.srl,131,62,2,0,393,393,192,2.0469,125,126,126,True
64,optimal(s=62),optimal,step_lcg.srl,131,62,1,0,131,131,64,2.0469,62,63,63,True
64,optimal(s=62),optimal,step_tri.srl,131,62,1,2,2190,2190,1068,2.0506,65,65,65,True
64,optimal(s=63),optimal,step_fib.srl,129,63,2,0,387,387,192,2.0156,127,128,128,True
64,optimal(s=63),optimal,step_lcg.srl,129,63,1,0,129,129,64,2.0156,63,64,64,True
64,optimal(s=63),optimal,step_tri.srl,129,63,1,2,2154,2154,1068,2.0169,66,66,66,True
64,optimal(s=64),optimal,step_fib.srl,127,64,2,0,381,381,192,1.9844,129,130,130,True
64,optimal(s=64),optimal,step_lcg.srl,127,64,1,0,127,127,64,1.9844,64,65,65,True
64,optimal(s=64),optimal,step_tri.srl,127,64,1,2,2118,2118,1068,1.9831,67,67,67,True
256,linear,linear,step_fib.srl,511,256,2,0,1533,1533,768,1.9961,513,514,514,True
256,linear,linear,step_lcg.srl,511,256,1,0,511,511,256,1.9961,253,257,257,True
256,linear,linear,step_tri.srl,511,256,1,2,9030,9030,4524,1.996,259,259,259,True
256,"bennett(k=8,m=2)",bennett,step_fib.srl,6561,9,2,0,19683,19683,768,25.6289,19,20,20,True
256,"bennett(k=8,m=2)",bennett,step_lcg.srl,6561,9,1,0,6561,6561,256,25.6289,10,10,10,True
256,"bennett(k=8,m=2)",bennett,step_tri.srl,6561,9,1,2,108498,108498,4524,23.9828,12,12,12,True
256,"bennett(k=4,m=4)",bennett,step_fib.srl,2401,13,2,0,7203,7203,768,9.3789,27,28,28,True
256,"bennett(k=4,m=4)",bennett,step_lcg.srl,2401,13,1,0,2401,2401,256,9.3789,14,14,14,True
256,"bennett(k=4,m=4)",bennett,step_tri.srl,2401,13,1,2,42066,42066,4524,9.2984,16,16,16,True
256,"bennett(k=2,m=16)",bennett,step_fib.srl,961,31,2,0,2883,2883,768,3.7539,63,64,64,True
256,"bennett(k=2,m=16)",bennett,step_lcg.srl,961,31,1,0,961,961,256,3.7539,32,32,32,True
256,"bennett(k=2,m=16)",bennett,step_tri.srl,961,31,1,2,16962,16962,4524,3.7493,34,34,34,True
256,optimal(s=9),optimal,step_fib.srl,3835,9,2,0,11505,11505,768,14.9805,19,20,20,True
256,optimal(s=9),optimal,step_lcg.srl,3835,9,1,0,3835,3835,256,14.9805,10,10,10,True
256,optimal(s=9),optimal,step_tri.srl,3835,9,1,2,66558,66558,4524,14.7122,12,12,12,True
256,optimal(s=12),optimal,step_fib.srl,1785,12,2,0,5355,5355,768,6.9727,25,26,26,True
256,optimal(s=12),optimal,step_lcg.srl,1785,12,1,0,1785,1785,256,6.9727,13,13,13,True
256,optimal(s=12),optimal,step_tri.srl,1785,12,1,2,31530,31530,4524,6.9695,15,15,15,True
256,optimal(s=16),optimal,step_fib.srl,1505,16,2,0,4515,4515,768,5.8789,33,34,34,True
256,optimal(s=16),optimal,step_lcg.srl,1505,16,1,0,1505,1505,256,5.8789,17,17,17,True
256,optimal(s=16),optimal,step_tri.srl,1505,16,1,2,26730,26730,4524,5.9085,19,19,19,True
256,optimal(s=24),optimal,step_fib.srl,975,24,2,0,2925,2925,768,3.8086,49,50,50,True
256,optimal(s=24),optimal,step_lcg.srl,975,24,1,0,975,975,256,3.8086,25,25,25,True
256,optimal(s=24),optimal,step_tri.srl,975,24,1,2,17238,17238,4524,3.8103,27,27,27,True
